{
  "Local": {
    "MUTAG": 0.5263157894736842,
    "BZR": 0.6829268292682927,
    "COX2": 0.723404255319149,
    "DHFR": 0.5394736842105263,
    "PTC_MR": 0.6,
    "AIDS": 0.795,
    "NCI1": 0.5936739659367397
  },
  "fedgsp": {
    "MUTAG": 0.5263157894736842,
    "BZR": 0.6829268292682927,
    "COX2": 0.723404255319149,
    "DHFR": 0.5394736842105263,
    "PTC_MR": 0.6,
    "AIDS": 0.795,
    "NCI1": 0.5742092457420924
  }
}