{
  "Local": {
    "MUTAG": {
      "mean": 0.5263157894736842,
      "std": 0.0
    },
    "BZR": {
      "mean": 0.6829268292682927,
      "std": 0.0
    },
    "COX2": {
      "mean": 0.723404255319149,
      "std": 0.0
    },
    "DHFR": {
      "mean": 0.5394736842105263,
      "std": 0.0
    },
    "PTC_MR": {
      "mean": 0.6,
      "std": 0.0
    },
    "AIDS": {
      "mean": 0.795,
      "std": 0.0
    },
    "NCI1": {
      "mean": 0.5936739659367397,
      "std": 0.0
    }
  },
  "fedgsp": {
    "MUTAG": {
      "mean": 0.5263157894736842,
      "std": 0.0
    },
    "BZR": {
      "mean": 0.6829268292682927,
      "std": 0.0
    },
    "COX2": {
      "mean": 0.723404255319149,
      "std": 0.0
    },
    "DHFR": {
      "mean": 0.5394736842105263,
      "std": 0.0
    },
    "PTC_MR": {
      "mean": 0.6,
      "std": 0.0
    },
    "AIDS": {
      "mean": 0.795,
      "std": 0.0
    },
    "NCI1": {
      "mean": 0.5742092457420924,
      "std": 0.0
    }
  }
}